#Mon Jul 29 15:07:36 IST 2013
Epocrates/Sankar\ Reddy_New_Format.doc=Sankar Reddy 
New\ Format\ Resume/B_Namisha_New_Format.doc=BNamisha 
Brief\ Resume\ Formats/Digvendra\ Singh.docx=Digvendra Singh 
Brief\ Resume\ Formats/PriyankaDudani_TestDeveloper.doc=Priyanka Dudani 
Brief\ Resume\ Formats/JagadishSukumar_PrincipalEngineer.doc=QA Jagadish Sukumar 
New\ Format\ Resume/AnilRachakonda_ImagineaResume.docx=Anil Kumar Rachakonda 
New\ Format\ Resume/RAMYA\ ADDANKI_New\ Format.doc=RAMYA ADDANKI 
New\ Format\ Resume/Varun\ Pal.docx=\ Varun 
New\ Format\ Resume/Murali\ Sepena.docx=\ Murali Sepena 
New\ Format\ Resume/Harish\ Kumar\ M_New_Format.doc=Harish 
New\ Format\ Resume/Mallikarjun\ Sirige.docx=\ Mallikarjun Sirige 
New\ Format\ Resume/Rachit\ Mittal.docx=\ Rachit Mittal 
New\ Format\ Resume/Jeevadeepan_ImagineaResume.doc=Jeevadeepan 
New\ Format\ Resume/SatishReddyMuddam_ImagineaResume.docx=Satish Reddy Muddam 
New\ Format\ Resume/Udit\ Sharma.docx=Udit Sharma 
Brief\ Resume\ Formats/Ved\ Surtani_MobileLead.doc=Ved Surtani 
New\ Format\ Resume/NTR\ Phani\ Kumar_New\ Format.doc=NTR PHANI KUMAR 
New\ Format\ Resume/Chandrahasapoli\ Reddy\ B.docx=\ Chandrahasapoli Reddy 
Brief\ Resume\ Formats/Pradeep\ Kumar\ Phuloria.docx=BI Pradeep Kumar Phuloria 
New\ Format\ Resume/RaghuLingampally_ImagineaResume.docx=Raghu Lingampally 
New\ Format\ Resume/Jagadesh\ Paladugula.docx=\ Jagadesh Paladugula 
B_Namisha_New_Format.doc=BNamisha 
Brief\ Resume\ Formats/Abhijit-SeniorDev.doc=Abhijith Shetty 
New\ Format\ Resume/Avinash\ Mandal.docx=\ Avinash 
Brief\ Resume\ Formats/AmareswaraPolimera_PrincipalEngineer_JAVA-Ajax.doc=Amareswara Reddy Polimera 
New\ Format\ Resume/Kalyan\ Ram\ S\ N\ QA.docx=\ SN Kalyanram 
New\ Format\ Resume/ShibajiGanguly_ImagineaResume.docx=Shibaji Ganguly 
New\ Format\ Resume/Y\ Vamsi\ Krishna.doc=\ YVAMSI KRISHNA 
New\ Format\ Resume/AnshulRathore_ImagineaResume.docx=Anshul Rathore 
New\ Format\ Resume/Rajvi\ Kapsi.doc=\  RAJVI KAPASI 
New\ Format\ Resume/Anand\ Nair_New\ Format.doc=Anand Nair 
Brief\ Resume\ Formats/Kiran\ Aluka.docx=Kiran Aluka 
Brief\ Resume\ Formats/VamsiKrishna-PrincipalQAEngineer.doc=QA Vamsi Krishna 
New\ Format\ Resume/Naman\ Anand.doc=Naman Anand 
New\ Format\ Resume/G\ Srinivas_New\ format.doc=GSRINIVAS 
Brief\ Resume\ Formats/JayanthGurijala-Dev.doc=Jayanth Gurijala 
Gallagher/AZHER\ UDDIN\ FAROOQI.docx=\ AZHER UDDIN FAROOQI 
SREEDHAR\ CHINTAKUNTA.docx=SREEDHAR CHINTAKUNTA 
New\ Format\ Resume/Hemanth\ Sannareddy_New_Format.doc=Hemanth Sannareddy  
Brief\ Resume\ Formats/Pankaj\ Kumar.docx=
Brief\ Resume\ Formats/~$marVarun-SeniorDev.doc=
Ranjeet.docx=\ Ranjeet Singh 
New\ Format\ Resume/Adithya\ pollapothu\ Radha.docx=\ AdithyapollapothuRadha 
New\ Format\ Resume/Sangeetha\ Jeganathan_New_Foramt.doc=\ Sangeetha Jeganathan 
Brief\ Resume\ Formats/Tarun\ Gupta.docx=Tarun Gupta 
New\ Format\ Resume/Bhavani\ Kumari\ Rudravaram.docx=\ Bhavani Kumari Rudravaram 
New\ Format\ Resume/VamsiKambam_ImagineaResume.docx=Vamsi Kambam 
New\ Format\ Resume/ZETENDRA\ LINGAMGUNTA.doc=ZETENDRA LINGAMGUNTA 
New\ Format\ Resume/RITUPARNA\ PARIDA.doc=Rituparna Parida 
Gallagher/Ram\ Kiran\ Malapaka.docx=\ Kiran Malapaka 
Imaginea_Frankline_profile.docx=
New\ Format\ Resume/Subba\ Rao_pramati\ new.docx=\ Subba Rao 
New\ Format\ Resume/Surya\ Kumari\ Dhulipali_New_Format.doc=Surya Kumari Dhulipala 
New\ Format\ Resume/Amareswara\ Polimera.docx=\ Amareswara polimera 
New\ Format\ Resume/Anand\ Sharma.docx=\ Anand Sharma 
New\ Format\ Resume/K\ H\ S\ Tapasya.doc=\  Tapasya 
New\ Format\ Resume/AISHWARYA\ MISHRA_New_Format.doc=AISHWARYA MISHRA 
New\ Format\ Resume/Anil\ Kumar\ Rachakonda.docx=\ Anil Kumar rachakonda 
New\ Format\ Resume/Abhishek\ Sinha_New\ Format.doc=Abhishek Sinha 
New\ Format\ Resume/Avinash\ Reddy\ D.docx=\ Avinash Reddy 
Brief\ Resume\ Formats/PoojaGupta_Dev.doc=Pooja Gupta 
New\ Format\ Resume/Kalyan\ Ram\ S\ N.docx=\ SN Kalyanram 
Gallagher/TARUN\ GUPTA.docx=\ TARUN GUPTA 
New\ Format\ Resume/ChandrahasapoliReddy_ImagineaResume.docx=Chandrahasapoli Reddy 
Brief\ Resume\ Formats/Vishwanath\ Karlapati.doc=
Brief\ Resume\ Formats/KeshavPrasad-PrincipalEngineer.doc=Keshav Prasad Kuruva 
New\ Format\ Resume/Kumar\ Varun.docx=\ Kumar Varun 
New\ Format\ Resume/Priyanka\ Dudani.docx=Priyanka Dudani 
New\ Format\ Resume/Bhavani\ Sankar\ Jagabhatula.docx=\ Bhavani Sankar Jagabhatula 
New\ Format\ Resume/SharadSinghSolanki_ImagineaResume.docx=Sharad Singh Solanki 
New\ Format\ Resume/K\ Chaitanya.docx=Chaitanya 
New\ Format\ Resume/SathishKumar\ Natesan_New\ Format.doc=SathishKumar Natesan 
AQEEL\ V\ N.docx=Aqeel 
New\ Format\ Resume/Aditya\ DasGupta.docx=\ Aditya DasGupta 
Ved\ Surtani_New_Format.doc=Ved Surtani 
New\ Format\ Resume/KS\ Krishna\ Kanth.docx=\ Krishna Kanth 
New\ Format\ Resume/Ashok\ Kumar\ CH\ New\ Format.doc=\ Ashok Kumar CH 
New\ Format\ Resume/G\ Kamal\ Chand_New\ Format.doc=\ Kamal Chand 
New\ Format\ Resume/Muthulatha_New\ Format.doc=\ Muthulatha 
Brief\ Resume\ Formats/Imaginea\ Team.docx=Venkat Muvva 
New\ Format\ Resume/Vikalp\ Kumar_New\ Format.doc=Vikalp Kumar 
Epocrates/Kunjan\ Shah.doc=\   KUNJAN 
New\ Format\ Resume/Suresh\ Reddy_Incomplete.doc=Suresh Reddy 
New\ Format\ Resume/HemanthSannareddy_ImagineaResume.docx=Hemanth Sannareddy 
New\ Format\ Resume/HarishKumarM_ImagineaResume.docx=Harish Kumar 
New\ Format\ Resume/T\ N\ Smruthi_ImagineaResume.docx=Smruthi 
New\ Format\ Resume/ShriHarsh\ Desai.docx=\ ShriHarsh Desai 
New\ Format\ Resume/Pankaj\ Kumar\ Nawal_New\ Format.doc=Pankaj Kumar Nawal 
New\ Format\ Resume/Santosh\ Chaitanya.docx=\ Santosh Chaitanya 
New\ Format\ Resume/Srinu_Mashetty.doc=Srinu Mashetty 
Brief\ Resume\ Formats/ImagineaPeople_AmarKaithwar.docx=\ Amar Kaithwar 
New\ Format\ Resume/Varun\ Menon_New\ Format.doc=Varun Menon 
New\ Format\ Resume/Kaniska\ Mandal_New_Format.doc=\ Kaniska Mandal 
New\ Format\ Resume/Amrita\ Deydhara.docx=\ Amrita Deydhara 
New\ Format\ Resume/Varun\ Menon.doc=Varun Menon 
New\ Format\ Resume/Daya\ Kiran.doc=\   Daya Kiran 
P.V.V.\ SIVA\ PRASAD.docx=PVV Siva Prasad 
New\ Format\ Resume/Avinash\ Reddy_New\ Format.doc=Avinash Reddy 
Brief\ Resume\ Formats/~$saviNekkanti-SeniorDev.doc=
Shamshu\ MD\ (2).docx=SHAMSHU MOHAMAD 
New\ Format\ Resume/AnilKumarYadav_ImagineaResume.docx=Anil Kumar Yadav 
Brief\ Resume\ Formats/Samrat\ Bhatnagar.docx=Samrat Bhatnagar 
New\ Format\ Resume/Santosh_Gandhe.docx=SANTHOSH GANDHE 
New\ Format\ Resume/AntonyAmrithaRaj_ImagineaResume.docx=Antony Raj 
Brief\ Resume\ Formats/Suman\ Reddy\ Syamala.docx=QA SUMAN REDDY SYAMALA 
Surya\ Kumari\ Dhulipali_New_Format.doc=Surya Kumari Dhulipala 
C_SaiKrishna.doc=Sai Krishna 
ABHISHEK\ CHHAJER.docx=Abhishek Chhajer 
Rajesh_kumar_Imaginea_\ Profile.doc=Rajesh Kumar 
Gallagher/Ravi\ Chandra\ Chintalapudi.docx.docx=Ravi Chandra Chintalapudi 
New\ Format\ Resume/YadlaSalony_ImagineaResume.docx=Yadla Salony 
Karthik.docx=Kartik Reddy Thum 
New\ Format\ Resume/HariKishore_ImagineaResume.docx=Hari Kishore 
Gallagher/ShriHarsh\ Desai.docx.docx=\ ShriHarsh Desai 
Epocrates/Anand\ Kumar\ Amaravadhi.docx=\ Anand Kumar amaravadhi 
New\ Format\ Resume/PromodGupta_ImagineaResume.docx=Pramod Gupta 
Brief\ Resume\ Formats/SridharGopalakrishnan.doc=Sridhar Gopalakrishnan 
Brief\ Resume\ Formats/ImagineaPeople_SathishKumar\ Natesan.docx=Sathish Kumar Natesan 
Epocrates/Prasad\ Vemula_New\ Format.doc=Prasad Vemula 
New\ Format\ Resume/PRIYADHARSINI\ _New\ Format.doc=PRIYADHARSINI 
New\ Format\ Resume/Adi\ Sesha\ Reddy_New\ Format.doc=Adi Sesha Reddy 
Brief\ Resume\ Formats/ImagineaPeople_Sasidhar.doc=QA Sasidhar Lingala 
New\ Format\ Resume/Suman\ Reddy\ S.docx=\ Suman Reddy 
New\ Format\ Resume/MARKANDAYARUSHI\ \ PAMU_New\ Format.doc=MARKANDAYARUSHI  PAMU 
Epocrates/K\ H\ S\ Tapasya.doc=\  Tapasya 
New\ Format\ Resume/RAJENDRA\ PRASAD\ GUJJA_New\ Format.doc=\  RAJENDRA PRASAD GUJJA 
New\ Format\ Resume/Mythri_Godavarthi_New_Format.doc=Mythri Godavarthi 
Mythri_Godavarthi_New_Format.doc=Mythri Godavarthi 
Brief\ Resume\ Formats/ImagineaPeople_AnilKumar.docx=\ Anil Kumar 
Brief\ Resume\ Formats/~$idharGopalakrishnan.doc=
New\ Format\ Resume/AshfaqAhmed_ImagineaResume.docx=Ashfaq Ahmed 
New\ Format\ Resume/K\ Sravani\ Ratna_\ New\ Format.doc=Sravani Ratna 
New\ Format\ Resume/Sanka\ Tandav\ Krishna.doc=Sanka Tandav Krishna 
New\ Format\ Resume/Kayalvizhi.doc=Kayalvizhi 
New\ Format\ Resume/Sandhya\ Boggaram.doc=Sandhya boggaram 
New\ Format\ Resume/Kunjan\ Shah.doc=\   KUNJAN 
New\ Format\ Resume/SrinivasPadmakrVishnubhotla_ImagineaResume.docx=Srinivas Padmakar Vishnubhotla 
New\ Format\ Resume/G\ Kamal\ Chand.doc=\ Kamal Chand 
Thoom\ Pratap\ Kumar\ Reddy_new_format.doc=Thoom Pratap Kumar Reddy 
Kishore\ Maddipoti.docx=\ Kishore Maddipoti 
New\ Format\ Resume/PraveenKumar_ImagineaResume.docx=Praveen Kumar 
New\ Format\ Resume/Keshav_New\ Format.doc=Keshav Kumar 
Brief\ Resume\ Formats/Rashid\ Ali.docx=Rashid Ali 
Brief\ Resume\ Formats/ImagineaPeople_GanugaArunSrivatsava.doc=Ganuga Arun SrivatsavaDevelopment 
New\ Format\ Resume/G\ Murali_New_Format.doc=GMurali 
New\ Format\ Resume/Sandeep\ Nanajkar.docx=\ Sandeep Nanajkar 
Kalyana-Kumar-V-Latest\ doc.docx=KALYANA KUMAR 
New\ Format\ Resume/Saurabh\ Jain.docx=\ Saurabh Jain 
Gallagher/Digvendra\ Singh.docx=\ Digvendra Singh 
Brief\ Resume\ Formats/Sravan\ Bommisetty.docx=QA Sravan Kumar Bommisetty 
Brief\ Resume\ Formats/Dawood_PrincipalEngineer.doc=Dawood Abdullah 
New\ Format\ Resume/Satish\ Reddy\ Muddam_New\ Format.doc=Satish Reddy Muddam 
New\ Format\ Resume/Mohi\ uddin_New\ Format.doc=Mohi Uddin 
New\ Format\ Resume/P\ Divyesh\ Chandra.docx=PDivyesh Chandra 
New\ Format\ Resume/RajahKarthik_ImagineaResume1.docx=Karthik 
New\ Format\ Resume/Santoshkumar\ Bhot_new_format.doc=Santoshkumar Bhot 
New\ Format\ Resume/NagarajHubli_ImagineaResume.docx=Nagaraj Hubli 
New\ Format\ Resume/Mohammed\ Ismail_New\ Format.doc=Mohammed Ismail 
New\ Format\ Resume/K\ Santosh\ Kumar.docx=\ Santosh Kumar 
New\ Format\ Resume/Kiran\ Danduprolu.docx=\ kiran danduprolu 
Sangeetha\ Jeganathan_New_Foramt.doc=\ Sangeetha Jeganathan 
Ch\ Raghavendra\ pramati.docx=\ Ch Raghavendra 
Anurag\ (2).docx=Anurag Parashar 
New\ Format\ Resume/SravanKumarBomisetty_ImagineaResume.doc=Sravan Kumar Bomisetty 
Mukul\ Kumar_New_Format.doc=Mukul Kumar 
Brief\ Resume\ Formats/Ramakrishna\ Madduri_Manager\ Engineering.doc=\ Ramakrishna Madduri 
New\ Format\ Resume/Vamshi\ Krishna\ Yalamanchili.doc=\ YVAMSI KRISHNA 
Brief\ Resume\ Formats/ImagineaPeople_Priyadharsini.docx=\ Priyadharsini 
New\ Format\ Resume/RAHIM\ \ K\ \ A.docx=\ Rahim 
Sandeep\ Kumar.docx=Sandeep Kumar 
New\ Format\ Resume/Vanama\ Kiran\ Kumar_New\ Format.doc=Vanama Kiran Kumar 
New\ Format\ Resume/Anusha\ Reddy.docx=\ Anusha Reddy 
New\ Format\ Resume/Radhakrishnan_ImagineaResume.docx=Radhakrishnan 
Brief\ Resume\ Formats/Saurabh\ Jain\ -\ Dev\ Engineer.doc=Saurabh Jain 
New\ Format\ Resume/Bharathi_Mallineni.docx=\ Bharathimallineni 
New\ Format\ Resume/Babasaikiran\ Nayani.docx=\ Babasaikiran Nayani 
New\ Format\ Resume/Kunal\ Chowdhary_New\ Format.doc=Kunal Chowdhary 
New\ Format\ Resume/C_SaiKrishna_New_Format.doc=\ Sai Krishna 
New\ Format\ Resume/Karthik\ Swaminathan.docx=\ KarthikSWAMINATHAN 
Brief\ Resume\ Formats/Siva\ Vaddi\ _\ Mobile\ Lead.doc=QA Siva Vaddi 
New\ Format\ Resume/Sudhamshu\ Ailineni.docx=\ Sudhamshu Ailineni 
New\ Format\ Resume/Sudarshan\ C_New\ Format.doc=\ Sudarshan CH 
New\ Format\ Resume/PurnaChandraRao_ImagineaResume.docx=Purna Chandra Rao 
Brief\ Resume\ Formats/Amit\ Kumar\ Sunkuru.docx=Amit Kumar Sunkuru 
New\ Format\ Resume/SATISH\ BABU\ THUMMALA.docx=\ Satish Thummala 
Gallagher/Raunak\ Jhawar.docx=\ Raunak Jhawar 
New\ Format\ Resume/Sathesh\ Kumar\ D.doc=Sathesh Kumar 
RAHUL\ SINGH.docx=Rahul Singh 
New\ Format\ Resume/Venugopal\ Allenki_ImagineaResume.docx=Venugopal Allenki 
Brief\ Resume\ Formats/Raunak\ Jhawar.docx=Raunak Jhawar 
New\ Format\ Resume/K\ S\ Sriram_New\ format.doc=Sriram 
Gallagher/RASHID\ ALI.docx=RASHID ALI 
Brief\ Resume\ Formats/~$othiNarsipuram_\ QA\ Lead.doc=
Praveen\ Ashapure_New_format.doc=Praveen Ashapure 
VENKATA\ RAO\ MUVVA.docx=VENKATA RAO MUVVA 
Epocrates/Aswini\ Kumar\ Sahu.docx=\ Aswini Kumar Sahu 
New\ Format\ Resume/RavindraKumarDondapati_ImagineaResume.docx=Ravindra Kumar Reddy 
New\ Format\ Resume/Srikar\ M_New\ format.doc=\ Srikar 
JAGADEESHWARAN\ K.docx=\ Jagadeeshwaran 
New\ Format\ Resume/Raghu\ Lingampally.docx=\ Raghu lingampally 
New\ Format\ Resume/SivaKrishnaMotamarri_ImagineaResume.docx=Siva Krishna Motamarri 
Brief\ Resume\ Formats/Kunjan\ Shah.doc=\ 
New\ Format\ Resume/Eswarakrishna_New\ Format.doc=VEswaraKrishna 
Brief\ Resume\ Formats/Tejash\ Tarun.docx=TejashTarun 
New\ Format\ Resume/ViswanathKumarMalepati.doc=Viswanath Kumar Malepati 
Epocrates/Kalyana_Kumar_New_Format.doc=KALYANA KUMAR 
Brief\ Resume\ Formats/MalasreeBantupalli_Development\ Engineer.doc=Malasree Bantupalli 
Imaginea_Priyanka_Desai_profile.doc=Priyanka Desai 
New\ Format\ Resume/Pravin\ Kumar\ Ponnuswamy_New\ Format.doc=Pravin Kumar Ponnuswamy 
SATYA\ PRAKASH_New_format.doc=SATYA PRAKASH 
New\ Format\ Resume/V\ Mallikarjuna_New\ Format.doc=VMallikarjuna Reddy 
Gallagher/Boini\ Chandra\ Shekhar.docx=\ Boini Chandra Shekhar 
New\ Format\ Resume/Anshul\ Rathore.docx=\ Anshul Rathore 
SrinivasKAnjaneya.docx=Srinivas Anjaneya 
Srinu_Mashetty_New_Format.doc=Srinu Mashetty 
New\ Format\ Resume/Girish\ Kumar\ Bommakanti.docx=\ Girish Kumar Bommakanti 
New\ Format\ Resume/Suresh\ Kumar\ Vepari.docx=\ Suresh Kumar Vepari 
New\ Format\ Resume/HarishVanama_ImagineaResume.docx=Harish Vanama 
New\ Format\ Resume/Shwetank\ Singh.docx=\ Shwetank Singh 
Shaneel\ Sharma.docx=Shaneel Sharma 
Brief\ Resume\ Formats/Varun_Menon.doc=QA Varun Menon 
Brief\ Resume\ Formats/VikramPenumatsa_Dev.doc=Vikram Varma Penumatsa 
New\ Format\ Resume/A\ Dayananda\ Saraswathi.docx=\ Dayananda Saraswathi 
New\ Format\ Resume/VenkateshRagi_ImagineaResume.docx=Venkatesh Ragi 
Brief\ Resume\ Formats/JyothiNarsipuram_\ QA\ Lead.doc=QA Jyothi Narsipuram 
New\ Format\ Resume/Mukul\ Kumar_New_Format.doc=Mukul Kumar 
Soham_Ghosh_New_Format.doc=Soham Ghosh 
New\ Format\ Resume/Thirunavukkarasu\ P\ S.docx=\ Thirunavukkarasu 
Brief\ Resume\ Formats/Pankaj\ Bagwan_Mobile\ Developer.docx=Pankaj Bagwan 
New\ Format\ Resume/PriyankaDudani_ImagineaResume.docx=Priyanka Dudani 
New\ Format\ Resume/MallikarjunSirige_ImagineaResume.docx=Mallikarjun Sirige 
Imtiyaz_Mohammad_New_Format.doc=Imtiyaz Mohammad 
Brief\ Resume\ Formats/ImagineaPeople_GururajNaik.docx=\ Amar Kaithwar 
New\ Format\ Resume/SATYA\ PRAKASH_New_format.doc=SATYA PRAKASH 
New\ Format\ Resume/Kalyan\ Reddy_New_Format.doc=Kalyan Reddy 
New\ Format\ Resume/Nikhil_PramatiResume.docx=Nikhil Sharma 
New\ Format\ Resume/K\ H\ S\ Tapasya.docx=\ Tapasya 
New\ Format\ Resume/PrashantSharma_ImagineaResume.docx=Prashant Sharma 
Brief\ Resume\ Formats/ApurbaNath-Architect.doc=
New\ Format\ Resume/NelloreKrishnaKumar_ImagineaResume.docx=Nellore Krishna Kumar 
Brief\ Resume\ Formats/SathishMuddam-SeniorDev.doc=Satish Muddam 
New\ Format\ Resume/Ved\ Surtani_New_Format.doc=Ved Surtani 
New\ Format\ Resume/Roshini\ Chinta.docx=\ Roshini Chinta 
ANKIT\ SINGHVI.docx=Ankit Singhvi 
New\ Format\ Resume/Soham\ Ghosh.doc=Soham Ghosh 
New\ Format\ Resume/KalyanDas_ImagineaResume.docx=Kalyan Das 
Brief\ Resume\ Formats/Anshul\ Rathore.docx=\ Anshul Rathore 
New\ Format\ Resume/Mohammed\ Umar\ Maniar.docx=Mohammed Umar Maniar 
AKASH\ DAYAL.docx=Akash Dayal 
Gallagher/Thirunavukkarasu\ P\ S.docx=\ Thirunavukkarasu 
Brief\ Resume\ Formats/Akhilesh\ Lavania.docx=Akhilesh Kumar Lavania 
Brief\ Resume\ Formats/Piyush\ Mundra.doc=
Dhiraj_Kumar_D_New_Format.doc=Dhiraj Dwarapudi 
VIJETHA\ NARENDRAPURAPU.docx=Vijetha Narendrapurapu 
New\ Format\ Resume/Balanjaneya\ Kumar\ K_New\ Format.doc=Balanjaneya Kumar 
New\ Format\ Resume/Sravan\ Kumar\ Bommisetty.docx=\ Sravan Kumar Bommisetty 
Brief\ Resume\ Formats/~$iramTalari-SeniorDev.doc=
New\ Format\ Resume/JYOTHI\ NARASIPURAM.docx=\ Jyothi Narasipuram 
New\ Format\ Resume/Viveka\ Nand\ Singh.docx=\ Viveka Nand Singh 
Brief\ Resume\ Formats/NarendraChitta_PrincipalEngineer.doc=QA Narendra Chitta 
Kishore\ Maddipotti.docx=\ Kishore Maddipotti 
Epocrates/P.V.V.\ SIVA\ PRASAD.docx=PVV Siva Prasad 
Brief\ Resume\ Formats/Shriharsh\ desai.docx=ShriHarsh Desai 
Epocrates/A\ Dayananda\ Saraswathi.docx=\ Dayananda Saraswathi 
New\ Format\ Resume/AdityaPalagummi_Java_ImagineaResume.docx=Aditya Palagummi 
Santoshkumar\ Bhot_new_format.doc=Santoshkumar Bhot 
New\ Format\ Resume/Rajah\ Karthik.docx=\ Karthik 
Gallagher/Kalyan\ Ram\ S\ N.docx.docx=\ SN Kalyanram 
New\ Format\ Resume/Madan\ Mohan\ Yellanki.docx=\ Madan Mohan Yellanki 
New\ Format\ Resume/Apurba\ Nath_New\ Format.doc=Apurba Nath 
New\ Format\ Resume/Manoj\ Agarwal.docx=\ Manoj Agarwal 
Brief\ Resume\ Formats/RamachandraKousik_DataEngineer.doc=Ramachandra Kousik 
Epocrates/Praveen\ Ashapure_New_format.doc=Praveen Ashapure 
New\ Format\ Resume/SravanKumarBomisetty_ManualQA_ImagineaResume.doc=Sravan Kumar Bomisetty 
New\ Format\ Resume/Sreenivasulu\ Sanduri.docx=\ sreenivasulu sanduri 
Brief\ Resume\ Formats/ImagineaPeople_KeshavPrasad.docx=\ keshav prasad 
New\ Format\ Resume/Chandra\ Sekhar\ Yalla_New\ Format.doc=Chandra Sekhar Yalla 
Satyanarayana.docx=\ SatyanarayanaCh 
Suresh\ Reddy_New_Format.doc=Suresh Reddy 
New\ Format\ Resume/KranthiKumarGurrala_ImagineaResume.docx=Kranthi Kumar Gurrala 
Sachin\ Tyag_New_Formati.doc=Sachin Tyagi 
Gallagher/Akhilesh\ Kumar\ Lavania.docx=\ Akhilesh Kumar Lavania 
New\ Format\ Resume/Sachin\ Tyagi.doc=\  Sachin Tyagi 
Brief\ Resume\ Formats/ImagineaPeople_KrishnaKartik.doc=
New\ Format\ Resume/Meiyappan\ K.docx=\ Meiyappan 
New\ Format\ Resume/Anurag\ Gupta.doc=ANURAG GUPTA 
New\ Format\ Resume/Santanu\ Saraswati_New\ Format.doc=Santanu Saraswati 
RAJVI\ KAPASI_New_Format.doc=RAJVI KAPASI 
New\ Format\ Resume/SureshSajja_ImagineaResume.docx=Suresh Sajja 
Brief\ Resume\ Formats/VamsiChintalapatii-SeniorDev.doc=Vamsi Chintalapati 
New\ Format\ Resume/Sanjeev\ Kumar.doc=Sanjeev Kumar 
Pradeep\ Kumar\ J.docx=\ Pradeep Kumar 
New\ Format\ Resume/VaniKotaru_ImagineaResume.docx=Vanishree Kotaru 
New\ Format\ Resume/PVVSivaPrasad_AutomationQA_ImagineaResume.doc=PVV Siva Prasad 
Kapil\ Kashyup_New_Format.doc=Kapil Kashyup 
New\ Format\ Resume/Piyush\ Mundra.docx=\ Piyush Mundra 
Brief\ Resume\ Formats/Srinadh\ Ramineni.docx=Srinadh Ramineni 
Brief\ Resume\ Formats/KrishnakarthikNannur-PrincipalEngineer.doc=Krishna Karthik Nannuru 
New\ Format\ Resume/DEEPAK\ AGGARWAL_New\ Format.doc=DEEPAK AGGARWAL 
New\ Format\ Resume/Ravi\ Chandra\ Chintalapudi.docx=Ravi Chandra Chintalapudi 
Brief\ Resume\ Formats/Thirunavukkarasu.docx=Thirunavukkarasu 
New\ Format\ Resume/Phani\ Kumar.docx=Phani Kumar 
New\ Format\ Resume/Sandeep\ Kr\ Maheshwari.docx=Sandeep Kr Maheshwari 
New\ Format\ Resume/Aaruna\ Godthi.docx=\ AarunaGodthi 
New\ Format\ Resume/HarshvardhanSingh_ImagineaResume.docx=Harshvardhan Singh 
New\ Format\ Resume/Sowmya\ Dumpa.doc=\  DSOWMYA 
Brief\ Resume\ Formats/VenkatMuvva-Architect.doc=Venkata Rao Muvva 
Gallagher/Jeevadeepan\ A.docx=\ Jeevadeepan 
New\ Format\ Resume/Noorul\ Ameen.docx=\ Noorul Ameen 
Brief\ Resume\ Formats/Jeevadeepan\ A.docx=Jeevadeepan 
New\ Format\ Resume/KishoreKumarMadina_ImagineaResume.docx=Kishore Kumar Madina 
Brief\ Resume\ Formats/Soham\ Ghosh.doc=
New\ Format\ Resume/Sasmita\ Sahoo.docx=Sasmita Sahoo 
New\ Format\ Resume/MAYUR\ VOLVOIKAR_New\ Format.doc=MAYUR VOLVOIKAR 
New\ Format\ Resume/Padmanabhan_New\ Format.doc=RA admanabhan 
New\ Format\ Resume/Ramalingeswara\ Rao\ Guntu.docx=\ Ramalingeswara Rao Guntu 
New\ Format\ Resume/Narendra\ Reddy\ Chitta.docx=\ Narendra Reddy Chitta 
Brief\ Resume\ Formats/Krishna\ kanth.docx=Krishna Kanth 
New\ Format\ Resume/SATISH\ BABU\ THUMMALA_New_Format.doc=SATISH BABU THUMMALA 
Brief\ Resume\ Formats/~$rthikSwaminathan-Architect.doc=
New\ Format\ Resume/Kapil\ Kashyup_New_Format.doc=Kapil Kashyup 
New\ Format\ Resume/SharvanKumar_ImagineaResume.docx=\ Sharvan Kumar 
Brief\ Resume\ Formats/ImagineaPeople_GanugaSrivastav.doc=\ Ganuga Arun Srivatsava 
Epocrates/Kayalvizhi.docx=Kayalvizhi 
New\ Format\ Resume/Ganuga\ Arun\ Srivatsava.docx=\ Ganuga Arun Srivatsava 
New\ Format\ Resume/Soumya\ Sunayana.docx=\ Soumya Sunayana 
New\ Format\ Resume/Sowmya\ Dumpa.docx=\ DSOWMYA 
New\ Format\ Resume/Manigandan_Parathasathir_New\ Format.doc=MANIGANDAN PARTHASARATHI 
New\ Format\ Resume/Vamshi\ Krishna\ Yerrabelli.docx=\ Vamshi Krishna Yerrabelli 
Gallagher/Kiran\ Aluka.docx=\ Kiran Aluka 
New\ Format\ Resume/Vamsi\ Kambam.docx=\ Vamsi Kambam 
New\ Format\ Resume/Narra\ Priyanka.docx=Narra Priyanka 
New\ Format\ Resume/Subba_Rao.docx=\ Subba Rao 
New\ Format\ Resume/SHARMILA\ R.doc=Sharmila 
New\ Format\ Resume/Karthik\ Kuppa\ KVP.docx=\ KVP Karthik 
New\ Format\ Resume/Amit\ Kumar.docx=\ Amit Kumar 
New\ Format\ Resume/Venkaiah\ Pottela.doc=\  Venkaiah 
PREM\ KUMAR\ YADAV.docx=\ Prem Kumar Yadav 
Imaginea_Ganuga\ Arun_profile.docx=\ ganuga arun srivatsava 
Development\ Engineer_Uday.doc=
SIVA\ PANDURANGA\ RAO\ SADHU.docx=Siva PanduRanga Rao Sadhu 
New\ Format\ Resume/Raga\ Deepa.docx=deepa Nusi 
New\ Format\ Resume/Vijaya\ BhaskarTeegala.docx=\ Vijaya Bhaskar Teegala 
New\ Format\ Resume/AnilKumar_ImagineaResume.docx=Anil Kumar Komanduri 
Brief\ Resume\ Formats/~$run\ Gupta.docx=
New\ Format\ Resume/Prashant\ Sharma.doc=\  Prashant Sharma 
New\ Format\ Resume/AniketManglam_ImagineaResume.docx=Aniket Manglam 
Brief\ Resume\ Formats/Kiran\ Danduprolu_Dev\ Engineer.doc=Kiran Danduprolu 
New\ Format\ Resume/KalyanDas_ImagineaResume.docx.docx=Kalyan Das 
New\ Format\ Resume/AkhilKumarGupta.docx=\ Akhil Kumar Gupta 
New\ Format\ Resume/Naga\ Sirisha\ Oruganti.docx=Naga Sirisha Oruganti 
New\ Format\ Resume/Venkaiah\ P_pramati.docx=Venkaiah 
New\ Format\ Resume/Hari\ Prasad\ Perabutla.doc=hari prasad perabattula 
New\ Format\ Resume/Preetham\ Reddy\ Dommata.docx=\ Preetham Reddy Dommata 
New\ Format\ Resume/Praveen\ Ashapure_New_format.doc=Praveen Ashapure 
Brief\ Resume\ Formats/Krishna\ Chaitanya.doc=Krishna Chaitanya 
Brief\ Resume\ Formats/Varun\ Menon.docx=QA Varun Menon 
Imaginea_Kundan_B_profile.doc=Kundan Burnwal 
New\ Format\ Resume/Kiran\ P.docx=Kiran 
Satyajit_Chetri_new_format.doc=Satyajit Chetri 
New\ Format\ Resume/Vardhman.S.Kothari.docx=Vardhman Kothari 
Brief\ Resume\ Formats/Ghazala\ Tabassum.docx=\ BI Ghazala Tabassum 
Srinivas\ Kummari.docx=\ Srinivas 
Epocrates/Sanjeev\ Kumar.doc=Sanjeev Kumar 
New\ Format\ Resume/Deepthi\ Darapureddi_New_Format.doc=Deepthi Darapureddi 
New\ Format\ Resume/Jagdish\ Sukumar.docx=\ Jagdish Sukumar 
New\ Format\ Resume/Aditya\ Gaur.docx=Aditya Gaur 
GOKULA\ MURTHY.docx=Gokula Murthy 
New\ Format\ Resume/VAMSHI\ KRISHNA\ POTHUKA.docx=VAMSHI KRISHNA POTHUKA 
Brief\ Resume\ Formats/~$irunavukkarasu.docx=
New\ Format\ Resume/VenkateshS_Selenium.docx=\ Venkatesh 
New\ Format\ Resume/C_SaiKrishna.doc=Sai Krishna 
New\ Format\ Resume/Surya\ Bhagavan\ S.docx=\ Surya Bhagavan 
Brief\ Resume\ Formats/~$urbaNath-Architect.doc=
New\ Format\ Resume/Sravan\ Kumar\ Goud.docx=\ Sravan Kumar Goud 
Epocrates/Jayanth\ Gurijala.docx=\ Jayanth Gurijala 
SANTI\ KUMAR\ N.docx=Santi Kumar 
New\ Format\ Resume/Mukesh\ Vishwakarma.docx=\ Mukesh Vishwakarma 
RAUNAK\ MOHANTY\ .docx=Raunak Mohanty 
Pooja\ Gupta_New_Format.doc=Pooja Gupta 
Brief\ Resume\ Formats/RituParna-PrincipalEngineer.doc=RituParna Parida 
Brief\ Resume\ Formats/SriramTalari-SeniorDev.doc=Sriram Talari 
Anita\ Birje_New_Format.doc=Anita Birje 
New\ Format\ Resume/Jayanth\ Gurijala.docx=\ Jayanth Gurijala 
New\ Format\ Resume/Sateesh\ Kasaboina.docx=\ Sateesh Kasaboina 
Brief\ Resume\ Formats/SatyavratMudgil.doc=Satyavrat Mudgil 
New\ Format\ Resume/kishore\ darapureddy.docx=kishore darapureddy 
New\ Format\ Resume/Sathish\ Sundaram_New\ Format.doc=\ Sathish Sundaram 
New\ Format\ Resume/Balakrishna\ Rao\ Bulusu.docx=\ Balakrishna Rao 
Brief\ Resume\ Formats/AnandSharma-SeniorDev.doc=Anand Sharma 
Epocrates/Aditya\ DasGupta.docx=\ Aditya DasGupta 
New\ Format\ Resume/Leon\ Soares_New\ Format.doc=\ Leon Soares 
Hemanth\ Sannareddy_New_Format.doc=Hemanth Sannareddy  
New\ Format\ Resume/Ajay\ Kumar\ Choudhary_New_Format\ -\ Copy.doc=Ajay Kumar Choudhary 
Santanu\ Saraswati_New\ Format.doc=Santanu Saraswati 
New_Format_Srinu_Mashetty.doc=Srinu Mashetty 
New\ Format\ Resume/ShivKumarVerma_ImagineaResume.docx=Shiv Kumar Verma 
New\ Format\ Resume/Kishore\ Konda.docx=\ Kishore Konda 
New\ Format\ Resume/Imtiyaz_Mohammad_New_Format.doc=Imtiyaz Mohammad 
Bindu\ Madhavi\ Arumalla\ Pramati.docx=\ Bindu Madhavi Arumalla 
Praveen\ Ashapure.docx=\ Praveen Ashapure 
New\ Format\ Resume/Soham_Ghosh_New_Format.doc=Soham Ghosh 
New\ Format\ Resume/Siva\ Krishna\ Motamarri.docx=\ Siva Krishna Motamarri 
Brief\ Resume\ Formats/ShwetankSingh-Principal\ Engineer.doc=Shwetank Singh 
Subba\ Rao.docx=Subba Rao 
New\ Format\ Resume/Varun\ Menon.docx=Varun Menon 
New\ Format\ Resume/Chandresh\ Prakash.docx=\ Chandresh Prakash 
New\ Format\ Resume/Srinath\ Anantha.doc=Srinath Anantha 
New\ Format\ Resume/Bhasker\ Chari\ Samboju_New\ Format.doc=Bhasker Chari Samboju 
Smitha\ Chintamani.docx=Smitha Chintamani 
Janani\ Jayaraman.docx=\ Janani 
VISHWANATH\ KARALAPATI.docx=VISHWANATH KARALAPATI 
New\ Format\ Resume/Prasad\ Vemula_New\ Format.doc=Prasad Vemula 
New\ Format\ Resume/Daya\ Kiran\ -\ Copy.doc=\   Daya Kiran 
SARVESWARARAO\ NALLAMILLI_New_Format.doc=SARVESWARARAO NALLAMILLI 
Epocrates/Subba_Rao.docx=\ Subba Rao 
Shamshu_mohamad_New_Format.doc=SHAMSHU MOHAMAD 
New\ Format\ Resume/T\ N\ Smruti.docx=\ Smruti 
New\ Format\ Resume/Vasavi\ Kumar\ Nekkanti.doc=Vasavi Kumar Nekkanti 
Gallagher/Swarna\ VAitla.docx=\ Swarna VAitla 
New\ Format\ Resume/Pankaj\ Kumar.docx=\ Pankaj Kumar 
New\ Format\ Resume/Pradip\ Arvind\ Rajput_New_FOrmat.doc=Pradip Arvind Rajput 
Bindu\ Madhavi\ Arumalla.docx=\ Bindu Madhavi Arumalla 
New\ Format\ Resume/Thoom\ Pratap\ Kumar\ Reddy_new_format.doc=Thoom Pratap Kumar Reddy 
New\ Format\ Resume/Chaitanya\ Koduri.docx=Chaitanya Koduri 
New\ Format\ Resume/Raga\ Deepa\ Nusi.docx=\ deepa Nusi 
New\ Format\ Resume/Chandrashekar\ Vooradi.docx=\ Chandrashekar Vooradi 
Epocrates/MALASREE\ BANTUPALLI.DOCX=\ MALASREE BANTUPALLI 
New\ Format\ Resume/Suman\ Reddy\ S.doc=\  Suman Reddy 
New\ Format\ Resume/I\ Trilok.docx=Trilok 
New\ Format\ Resume/Amar\ Signh\ Kaithwar.docx=\ Amar Signh Kaithwar 
New\ Format\ Resume/MaheshPujari_ImagineaResume.docx=Mahesh Pujari 
New\ Format\ Resume/VENKATESH\ RAGI_New\ Format.doc=Venkatesh Ragi 
New\ Format\ Resume/MALASREE\ BANTUPALLI.docx=\ MALASREE BANTUPALLI 
Brief\ Resume\ Formats/AnilKumarRachakonda_Dev.doc=Anil Kumar Rachakonda 
New\ Format\ Resume/VamshiYerrabelli_ImagineaResume.docx=Vamshi Krishna Yerrabelli 
Sowjanya\ Bitra.docx=\ Sowjanya Bitra 
New\ Format\ Resume/Kishore\ Kumar\ Madina.docx=\ Kishore Kumar Madina 
New\ Format\ Resume/Rohit\ Gupta_New\ Format.doc=Rohit Gupta 
Epocrates/Ashish\ S\ Jadhav.docx=\ Ashish Jadhav 
Sunil\ Manohar.docx=Gunturi Sunil Manohar 
Suresh\ Reddy_Incomplete.doc=Suresh Reddy 
New\ Format\ Resume/Sageo\ George.doc=Sageo George 
Brief\ Resume\ Formats/Swarna\ Vaitla.docx=SWARNA VAITLA 
New\ Format\ Resume/Pooja\ Gupta.docx=\ POOJA GUPTA 
New\ Format\ Resume/Bagwan\ Pankaj.docx=Bagwan Pankaj 
New\ Format\ Resume/Sreenivasa\ Kamalnath_New_format.doc=Sreenivasa Kamalnath 
Harish\ Kumar\ M_New_Format.doc=
New\ Format\ Resume/JAGADESH\ P_New_format.doc=JAGADESH 
AATISH\ KUMAR\ .docx=AATISH KUMAR 
New\ Format\ Resume/Dawood\ Abdullah\ Mohammed_New\ Format.doc=\ Dawood Abdullah Mohammed 
Brief\ Resume\ Formats/karthikSwaminathan-Architect.doc=Karthik Swaminathan 
MALASREE\ BANTUPALLI.docx=\ MALASREE BANTUPALLI 
Brief\ Resume\ Formats/~$it\ Kumar\ Sunkuru.docx=
Gallagher/Amit\ Kumar\ Sunkuru.docx=\ Amit Kumar Sunkuru 
Imaginea_Anurag\ Gupta.doc=Anurag Gupta 
New\ Format\ Resume/Rajesh\ kumar_New\ Format.doc=Rajesh kumar 
New\ Format\ Resume/Abhijith\ Shetty.docx=\ AbhijithShetty 
New\ Format\ Resume/Parul\ Srivastava.docx=\ Parul Srivastava 
New\ Format\ Resume/Parthipan\ Palaniswami_New\ Format.doc=Parthipan Palaniswami 
New\ Format\ Resume/Bhallamudi\ Venkata\ Siva\ Kamesh.docx=bhallamudi Venkata Siva Kamesh 
New\ Format\ Resume/LAKSHMI\ KALIDINDI_New\ Format.doc=LAKSHMI KALIDINDI 
Brief\ Resume\ Formats/AswiniSahu-DevEngineer.doc=Aswini Sahu 
New\ Format\ Resume/Mukesh\ Vishwakarma.doc=\  Mukesh Vishwakarma 
New\ Format\ Resume/AdityaPalagummi_ImagineaResume.docx=Aditya Palagummi 
Epocrates/Sunil\ Manohar\ Gunturi.docx=Gunturi Sunil Manohar 
New\ Format\ Resume/Surendra\ Sirvi.docx=Surendra Sirvi 
New\ Format\ Resume/Mohammed\ Masi\ Ullah.docx=\ Mohammed Masi Ullah 
Brief\ Resume\ Formats/SrinivasKAnjaneya.docx=Srinivas Anjaneya 
New\ Format\ Resume/Anil\ Kumar\ Chitturi.doc=Anil Kumar Chitturi 
New\ Format\ Resume/VISHWANATH\ KARALAPATI.docx=VISHWANATH KARALAPATI 
Kalyana_Kumar_New_Format.doc=KALYANA KUMAR 
New\ Format\ Resume/Harish\ Kumar\ M.doc=HARISH 
New\ Format\ Resume/GouthamVangara_ImagineaResume.docx=Goutham Vangara 
New\ Format\ Resume/PrasannaKumarPattam_ImagineaResume.docx=Prasanna Kumar Pattam 
New\ Format\ Resume/Neha\ Sharma_New\ Format.doc=Neha Sharma 
SATISH\ BABU\ THUMMALA.doc=SATISH BABU THUMMALA 
Imaginea_Arvind_QA_profile.docx=RAMACHANDER ARVIND 
New\ Format\ Resume/Markandayarushi\ Pamu_ImagineaResume.docx=Markandayarushi Pamu 
Brief\ Resume\ Formats/Ram\ Kiran\ Malapaka.docx=Kiran Malapaka 
Brief\ Resume\ Formats/Boini\ Chandra\ Shekar.docx=Boini Chandra Shekhar 
New\ Format\ Resume/Vikram\ Varma\ Penumatsa.doc=\  Vikram Varma Penumatsa 
New\ Format\ Resume/SantoshAvva_ImagineaResume.docx=Santosh Kumar Avva 
New\ Format\ Resume/Kalyana_Kumar_New_Format.doc=KALYANA KUMAR 
New\ Format\ Resume/KRISHNA\ KARTHIK\ NANNURU_New\ Format.doc=KRISHNA KARTHIK NANNURU 
New\ Format\ Resume/Ajay\ Kumar\ Choudhary_New_Format.doc=Ajay Kumar Choudhary 
G\ Murali_New_Format.doc=GMurali 
New\ Format\ Resume/Siva\ Kumar\ Vaddi.docx=\ Siva Kumar 
New\ Format\ Resume/Satyavrat\ Mudgil.docx=\ SatyavratMudgil 
New\ Format\ Resume/Nirvikar\ Srivastava.doc=\   Nirvikar Srivastava 
New\ Format\ Resume/KaushikRoy_ImagineaResume.docx=Kaushik Roy 
New\ Format\ Resume/SravanKumarGoud_ImagineaResume.docx=Sravan Kumar Goud 
New\ Format\ Resume/Sunil\ Manohar\ Gunturi.docx=Gunturi Sunil Manohar 
New\ Format\ Resume/Sanjana\ Vanga.docx=\ Sanjana Vanga 
New\ Format\ Resume/Meghna\ Murali_New\ Format.doc=\ Meghna Murali 
Brief\ Resume\ Formats/ImagineaPeople_Priyadarshini.docx=\ Priyadharsini 
New\ Format\ Resume/RITUPARNA\ PARIDA.docx=\ Rituparna Parida 
New\ Format\ Resume/Chandravardhan\ Kodam.docx=\ Chandravardhan Kodam 
New\ Format\ Resume/UdayShankarAdepu_ImagineaResume.docx=Uday Shankar Adepu 
New\ Format\ Resume/Chaitanya\ Yenugu.docx=Chaitanya  Yenugu 
New\ Format\ Resume/AmitKumar_ImagineaResume.docx=Amit Kumar 
Epocrates/Hemanth\ Sannareddy_New_Format.doc=Hemanth Sannareddy 
New\ Format\ Resume/SHVETA\ DESHMUKH\ PATIL.docx=\ SHVETA DESHMUKH PATIL 
Brief\ Resume\ Formats/AbhilashKrishnan_PrincipalEngineer.doc=Abhilash Krishnan 
New\ Format\ Resume/RajahKarthik_ImagineaResume.docx=Karthik 
Brief\ Resume\ Formats/~$etendra_QA\ Engineer.doc=
C_SaiKrishna_New_Format.doc=Sai Krishna 
Brief\ Resume\ Formats/Aneez\ Backer.doc=Aneez 
New\ Format\ Resume/Abhishek\ Mahawar.docx=Abhishek Mahawar 
Imaginea_Prashanthi_profile.docx=Prashanti Bharathwaj 
New\ Format\ Resume/Neha\ Khaitan.docx=\ Neha Khaitan 
New\ Format\ Resume/Satyajit_Chetri_new_format.doc=Satyajit Chetri 
Epocrates/Sriram\ Talari.docx=\ Sriram Talari 
New\ Format\ Resume/G\ Hari\ Kishore.docx=\ Hari Kishore 
New\ Format\ Resume/Sudheer\ Kumar\ Eega.docx=\ Sudheer Kumar 
Brief\ Resume\ Formats/~$ruthiTN.doc=
Pradip\ Arvind\ Rajput_New_FOrmat.doc=Pradip Arvind Rajput 
Brief\ Resume\ Formats/Pankaj\ Kumar.doc=
New\ Format\ Resume/Ramesh\ Talapaneni.docx=\ Ramesh Talapaneni 
New\ Format\ Resume/Om\ Shankar_New\ Format.doc=Om Shankar 
New\ Format\ Resume/LingalaSasidharReddy_ManualQA_ImagineaResume.doc=Lingala Sasidhar Reddy 
New\ Format\ Resume/Anita\ Birje_New_Format.doc=Anita Birje 
New\ Format\ Resume/Jeevadeepan\ A.docx=\ Jeevadeepan 
New\ Format\ Resume/B\ Ravi\ Kiran_New\ Format.doc=Ravi Kiran 
New\ Format\ Resume/DhruvaSomani_ImagineaResume.docx=Dhruva Somani 
New\ Format\ Resume/ManishSingh_ImagineaResume.docx=Manish Singh 
Brief\ Resume\ Formats/Amrita\ Deydhara.docx=Amrita Deydhara 
Brief\ Resume\ Formats/Kalyanram.docx=QA Kalyanram 
New\ Format\ Resume/ADITHYA\ PALLAPOTHU\ RADHA.docx=\ ADITHYA PALLAPOTHU RADHA 
Epocrates/Sandhya\ Boggaram.doc=Sandhya boggaram 
New\ Format\ Resume/Satyavrat\ Mudgil.doc=\  Satyavrat Mudgil 
New\ Format\ Resume/Divya\ Pola.docx=\ Pola Divya 
Sankar\ Reddy_New_Project.doc=Sankar Reddy 
Gallagher/Suman\ Reddy\ S.doc=\  Suman Reddy 
New\ Format\ Resume/VENKATA\ RAO\ MUVVA.doc=VENKATA RAO MUVVA 
Brief\ Resume\ Formats/Ravi\ Chandra\ Chintalapudi.docx=QA RAVI CHANDRA CHINTALAPUDI 
Sreenivasa\ Kamalnath_New_format.doc=Sreenivasa Kamalnath 
New\ Format\ Resume/Aaruna\ Godthi.doc=\  Aaruna Godthi 
New\ Format\ Resume/Sunil\ Kumar\ Palla.doc=\   Sunil Kumar Palla 
Brief\ Resume\ Formats/ImagineaPeople_AmarSinghK.doc=\ Amar Singh Kaithwar 
Shobha.docx=SHOBHA KORRAPATI 
New\ Format\ Resume/SoumyaDumpa_ImagineaResume.doc=Soumya 
New\ Format\ Resume/Srinivas\ Padmakar\ Vishnubhotla.docx=\ SrinivasPadmakarVishnubhotla 
Brief\ Resume\ Formats/SrinivasBoyina_SeniorDev.doc=Srinivas Rao Boyina 
New\ Format\ Resume/Krishna\ Chaitanya\ B.doc=Krishna Chaitanya 
New\ Format\ Resume/Deep\ Goyal.doc=\  Goyal 
Gallagher/Vamsi\ Kambam.docx=\ Vamsi Kambam 
Brief\ Resume\ Formats/VasaviNekkanti-SeniorDev.doc=Vasavi Kumar Nekkanti 
New\ Format\ Resume/Sridhar\ Gopalakrishnan.docx=\ Sridhar Gopalakrishnan 
New\ Format\ Resume/M\ Venkata\ Seshu.doc=\ Venkata Seshu 
New\ Format\ Resume/Ankit\ Agrawal_New\ Format.doc=ANKIT AGRAWAL 
Kalyan\ Reddy_New_Format.doc=Kalyan Reddy 
Brief\ Resume\ Formats/Zeetendra_QA\ Engineer.doc=QA Zeetendra 
Epocrates/JYOTHI\ NARASIPURAM.DOCX=\ Jyothi Narasipuram 
New\ Format\ Resume/SunilMehta_ImagineaResume.docx=Sunil Mehta 
New\ Format\ Resume/Shamshu_mohamad_New_Format.doc=SHAMSHU MOHAMAD 
Brief\ Resume\ Formats/PRaveen\ Francis.docx=Praveen Francis 
Gallagher/Ghazala\ Tabassum.docx=\ Ghazala Tabassum 
New\ Format\ Resume/VamsiKumarKethineni_ImagineaResume.docx=Vamsi Kumar Kethineni 
New\ Format\ Resume/Srinu_Mashetty_New_Format.doc=Srinu Mashetty 
Imaginea_PHANI\ V.\ SUDHARSHAN_Profile.docx=PHANI SUDHARSHAN 
Epocrates/Vamsi\ Chintalapati.docx=\ Vamsi Chintalapati 
New\ Format\ Resume/VevekPandian_ImagineaResume.docx=Vevek Pandian 
New\ Format\ Resume/NoorulAmeen_ImagineaResume.docx=Noorul Ameen 
Brief\ Resume\ Formats/ImagineaPeople_SridharPendiala.doc=Sridhar Pendiala 
Brief\ Resume\ Formats/UdayShankarAdepu-Dev.doc=Uday Shankar Adepu 
Keshav_New\ Format.doc=Keshav Kumar 
Brief\ Resume\ Formats/Azher\ Uddin\ Farooqi.docx=Azher Uddin Farooqi 
AISHWARYA\ MISHRA_New_Format.doc=AISHWARYA MISHRA 
Gallagher/ShriHarsh\ Desai.docx=\ ShriHarsh Desai 
New\ Format\ Resume/Uday\ Shankar\ Adepu.doc=UDAY SHANKAR 
New\ Format\ Resume/ShivKumarVerma_ImagineaResume\ (2).docx=Shiv Kumar Verma 
Epocrates/J\ Venugopal.docx=\ Venugopal 
JYOTHI\ NARASIPURAM.docx=\ Jyothi Narasipuram 
New\ Format\ Resume/VAMSHI\ KRISHNA\ POTHUKA_New\ Format.doc=VAMSHI KRISHNA POTHUKA 
New\ Format\ Resume/Vamsi\ Mohan\ Mitta.docx=\ Vamsi Mohan Mitta 
New\ Format\ Resume/Prasanta\ Saha_New\ Format.doc=\ Prasanta Saha 
New\ Format\ Resume/Arvind_ImagineaResume.docx=Arvind 
New\ Format\ Resume/JAYA\ PRAKASH\ KOSURI.docx=Jaya Prakash Kosuri 
New\ Format\ Resume/Abhilash\ Krishnan.docx=\ Abhilash Krishnan 
New\ Format\ Resume/KRISHNA\ AMBATI_New\ Format.doc=KRISHNA AMBATI 
New\ Format\ Resume/SIVA\ PANDURANGA\ RAO\ SADHU.docx=\ Siva PanduRanga Rao Sadhu 
Imaginea_Srinath_profile.doc=Srinath Anantha 
T\ N\ SMRUTI.DOCX=\ Smruti 
New\ Format\ Resume/SIREESHA_K_New\ Format.doc=SIREESHAK 
Ajay\ Kumar\ Choudhary_New_Format.doc=Ajay Kumar Choudhary  
New\ Format\ Resume/Vamsidhar\ P_New\ Format.doc=Vamsidhar 
New\ Format\ Resume/Nishanth\ Veereddy.docx=\ Nishanth Veereddy 
New\ Format\ Resume/Dhiraj_Kumar_D_New_Format.doc=Dhiraj Dwarapudi 
New\ Format\ Resume/Vikas\ Reddy.docx=\ Vikas Reddy 
MAHESH\ SUBRAMANIAN.docx=Mahesh Subramanian 
New\ Format\ Resume/Sharad\ Singh\ Solanki_New\ Format.doc=Sharad Singh Solanki 
New\ Format\ Resume/sreedhar\ rao_New\ format.doc=sreedhar rao 
New\ Format\ Resume/Sandeep\ P_New\ Format.doc=Sandeep Putrevu 
New\ Format\ Resume/Swarat\ Ghosh.docx=\ Swarat Ghosh 
New\ Format\ Resume/PreethamReddy_AutomationQA_ImagineaResume.doc=Preetham Reddy Dommata 
YADLA\ SALONY.docx=Yadla Salony 
New\ Format\ Resume/Umamaheshwara\ Rao\ Akasam.docx=\ Umamaheshwara Rao Akasam 
New\ Format\ Resume/Poornima\ Prakash\ MJ.docx=\ Poornima Prakash MJ 
New\ Format\ Resume/Suresh\ Reddy_New_Format.doc=Suresh Reddy 
New\ Format\ Resume/Sachin\ Tyag_New_Formati.doc=Sachin Tyagi 
Brief\ Resume\ Formats/ChandraSekhar-SeniorDev.doc=Chandrasekhar Vooradi 
Brief\ Resume\ Formats/AdityaP-PrincipalEngineer.doc=AdityaPallapothu Radha 
New\ Format\ Resume/Deep\ Goyal_pramati.docx=Goyal 
New\ Format\ Resume/ChandraSekharareddy_ImagineaResume.docx=ChandraSekharaReddy 
Brief\ Resume\ Formats/shivashankar[7,0].doc=
New\ Format\ Resume/NelloreKrishnaKumar_AutomationQA_ImagineaResume.docx=Nellore Krishna Kumar 
New\ Format\ Resume/ZETENDRA\ LINGAMGUNTA_New\ Format.doc=ZETENDRA LINGAMGUNTA 
Epocrates/Karthik\ Kuppa\ KVP.DOCX=\ KVP Karthik 
Brief\ Resume\ Formats/SmruthiTN.doc=Smruthi 
New\ Format\ Resume/VikramK_ImagineaResume.docx=Vikram 
New\ Format\ Resume/Puneet\ Singh.docx=puneet Singh 
Vasavi\ Kumar\ Nekkanti.doc=Vasavi Kumar Nekkanti 
New\ Format\ Resume/ChandrahasapoliReddy_ImagineaResume_Updated.docx=Chandrahasapoli Reddy 
Epocrates/Mukesh\ Kacchi.docx=\ Mukesh Kacchi 
New\ Format\ Resume/Venkata\ Sai.docx=\ Venkata Sai 
Brief\ Resume\ Formats/Vamsi\ Kambam.docx=Vamsi Kambam 
New\ Format\ Resume/Janani\ Jayaraman.docx=\ Janani 
New\ Format\ Resume/Sankar\ Reddy_New_Format.doc=Sankar Reddy 
Imaginea_AKHILESH\ S.docx=Siripurapu Akhilesh 
Gallagher/SAMRAT\ BHATNAGAR.docx=\ SAMRAT BHATNAGAR 
New\ Format\ Resume/DHRUVA\ SOMANI.docx=\ DHRUVA SOMANI 
Gallagher/KS\ Krishna\ Kanth.docx.docx=\ Krishna Kanth 
New\ Format\ Resume/Bhavin\ Kansara.docx=Bhavin Kansara 
New\ Format\ Resume/Kapil\ Kashyap.docx=\ Kapil Kashyap 
New\ Format\ Resume/APURV\ KALYAN\ AWASTHI_new\ format.doc=APURV KALYAN AWASTHI 
Technical\ Manager_Satish_T.doc=
New\ Format\ Resume/Mahesh\ Pujari_New\ Format.doc=MAHESH PUJARI 
New\ Format\ Resume/Shobha.doc=SHOBHA KORRAPATI 
New\ Format\ Resume/BullibabuMannepuli_ImagineaResume.doc=Bullibabu Mannepuli 
New\ Format\ Resume/DSowmya.docx=\ DSOWMYA 
Epocrates/Suresh\ Reddy_New_Format.doc=Suresh Reddy 
New\ Format\ Resume/SawantTandle_ImagineaResume.docx=Sawant Tandle 
New\ Format\ Resume/Riddhima\ Sejpal.docx=\ Riddhima Sejpal 
New\ Format\ Resume/RAJESH\ PUTTA_New\ Format.doc=\ RAJESH PUTTA 
New\ Format\ Resume/Bhavani\ Shankar\ Jagabhatula\ -\ Javascript.docx=Bhavani Shankar Jagabhatula 
New\ Format\ Resume/RajaShekar\ G.docx=\ Sekhar 
New\ Format\ Resume/Kishore_Konda.docx=\ Kishore Konda 
New\ Format\ Resume/K\ Madhu_New\ Format.doc=\ Madhu 
New\ Format\ Resume/Sandeep\ Verma.docx=\ Sandeep Verma 
Sandeep\ P.docx=Sandeep Putrevu 
New\ Format\ Resume/Aneez\ Backer.doc=Aneez 
SRIDHAR\ P.docx=\ Sridhar 
New\ Format\ Resume/E.D.\ Ranjana_NewFormatdoc.doc=Ranjana 
Epocrates/AISHWARYA\ MISHRA_New_Format.doc=AISHWARYA MISHRA 
New\ Format\ Resume/SIREESHA\ K_New\ format.doc=SIREESHA 
Brief\ Resume\ Formats/KumarVarun-SeniorDev.doc=Kumar Varun 
New\ Format\ Resume/Anand\ Kumar\ Amaravadhi.docx=\ Anand Kumar amaravadhi 
New\ Format\ Resume/SARVESWARARAO\ NALLAMILLI_New_Format.doc=SARVESWARARAO NALLAMILLI 
RAJA\ MALIK.docx=Malik 
JAGADESH\ P_New_format.doc=JAGADESH 
New\ Format\ Resume/Mukesh\ Kacchi.docx=\ Mukesh Kacchi 
Brief\ Resume\ Formats/~$unak\ Jhawar.docx=
Imaginea_CHANDER\ S\ PECHETTY_profile.docx=\ Chander Pechetty 
New\ Format\ Resume/ARUN\ KRISHNA\ OMKARAM.doc=ARUN KRISHNA OMKARAM 
Epocrates/Vamshi\ Krishna\ Yalamanchili.doc=\ YVAMSI KRISHNA 
New\ Format\ Resume/Lingala\ Sasidhar\ Reddy.doc=\ SASIDHAR REDDY 
